{
	"info": {
		"_postman_id": "fc771e57-b5f8-4b2a-84cf-3ebe4063620f",
		"name": "Organizations",
		"schema": "https://schema.getpostman.com/json/collection/v2.1.0/collection.json",
		"_exporter_id": "25059000"
	},
	"item": [
		{
			"name": "CreateOrganization",
			"item": [
				{
					"name": "API/CreateOrganization",
					"event": [
						{
							"listen": "test",
							"script": {
								"exec": [
									"\r",
									"//var ID = pm.variables.get(\"id\");\r",
									"\r",
									"//var organizationId = console.log(pm.response.json().id)\r",
									"//pm.globals.get(organizationId);\r",
									"//pm.environment.get(\"organizationId\");\r",
									"console.log(pm.response.json().id)\r",
									"pm.collectionVariables.set(\"OrganizationID\",pm.response.json().id);"
								],
								"type": "text/javascript"
							}
						}
					],
					"request": {
						"method": "POST",
						"header": [],
						"url": {
							"raw": "https://api.trello.com/1/organizations?displayName=Organization One&key={{APIKEY}}&token={{APIToken}}",
							"protocol": "https",
							"host": [
								"api",
								"trello",
								"com"
							],
							"path": [
								"1",
								"organizations"
							],
							"query": [
								{
									"key": "displayName",
									"value": "Organization One"
								},
								{
									"key": "key",
									"value": "{{APIKEY}}"
								},
								{
									"key": "token",
									"value": "{{APIToken}}"
								}
							]
						}
					},
					"response": []
				},
				{
					"name": "API/CreateBoardInsideOrganization",
					"event": [
						{
							"listen": "test",
							"script": {
								"exec": [
									"//var BoardId = console.log(pm.response.json().id)\r",
									"//pm.globals.get(BoardId);\r",
									"/*pm.environment.get(BoardId);\r",
									"pm.test(\"Your test name\", function () {\r",
									"    var jsonData = pm.response.json();\r",
									"    pm.expect(jsonData.name).to.eql(\"BoardOne\");\r",
									"});*/\r",
									"\r",
									"console.log(pm.response.json(0).id)\r",
									"pm.collectionVariables.set(\"BoardsId\",pm.response.json().id);"
								],
								"type": "text/javascript"
							}
						}
					],
					"request": {
						"method": "POST",
						"header": [],
						"url": {
							"raw": "https://api.trello.com/1/boards/?name=BoardOne&key={{APIKEY}}&token={{APIToken}}",
							"protocol": "https",
							"host": [
								"api",
								"trello",
								"com"
							],
							"path": [
								"1",
								"boards",
								""
							],
							"query": [
								{
									"key": "name",
									"value": "BoardOne"
								},
								{
									"key": "key",
									"value": "{{APIKEY}}"
								},
								{
									"key": "token",
									"value": "{{APIToken}}"
								}
							]
						}
					},
					"response": []
				},
				{
					"name": "API/CreateList",
					"event": [
						{
							"listen": "test",
							"script": {
								"exec": [
									"console.log(pm.response.json(0).id)\r",
									"pm.collectionVariables.set(\"ListId\",pm.response.json().id);"
								],
								"type": "text/javascript"
							}
						}
					],
					"request": {
						"method": "POST",
						"header": [],
						"url": {
							"raw": "https://api.trello.com/1/lists?name={name}&idBoard={{BoardsId}}&key={{APIKEY}}&token={{APIToken}}",
							"protocol": "https",
							"host": [
								"api",
								"trello",
								"com"
							],
							"path": [
								"1",
								"lists"
							],
							"query": [
								{
									"key": "name",
									"value": "{name}"
								},
								{
									"key": "idBoard",
									"value": "{{BoardsId}}"
								},
								{
									"key": "key",
									"value": "{{APIKEY}}"
								},
								{
									"key": "token",
									"value": "{{APIToken}}"
								}
							]
						}
					},
					"response": []
				}
			]
		},
		{
			"name": "Members",
			"item": [
				{
					"name": "API/GetOrganizationsForMember",
					"event": [
						{
							"listen": "test",
							"script": {
								"exec": [
									"pm.test(\"Status code is 200\", function () {\r",
									"    pm.response.to.have.status(200);\r",
									"});\r",
									"pm.test(\"Check Member Name \", function () {\r",
									"    var jsonData = pm.response.json();\r",
									"    pm.expect(jsonData.username).to.eql(\"halasoltan\");\r",
									"});"
								],
								"type": "text/javascript"
							}
						}
					],
					"request": {
						"auth": {
							"type": "bearer",
							"bearer": [
								{
									"key": "token",
									"value": "ATTA90f9d97f4a917bad3d60a066bb107c4b4fe917f4c98c5610f6586a47f74d68632B848901",
									"type": "string"
								}
							]
						},
						"method": "GET",
						"header": [],
						"url": {
							"raw": "https://api.trello.com/1/members/me?key={{APIKEY}}&token={{APIToken}}",
							"protocol": "https",
							"host": [
								"api",
								"trello",
								"com"
							],
							"path": [
								"1",
								"members",
								"me"
							],
							"query": [
								{
									"key": "key",
									"value": "{{APIKEY}}"
								},
								{
									"key": "token",
									"value": "{{APIToken}}"
								}
							]
						}
					},
					"response": []
				}
			]
		},
		{
			"name": "Delete",
			"item": [
				{
					"name": "API/DeleteBoard",
					"request": {
						"method": "GET",
						"header": []
					},
					"response": []
				},
				{
					"name": "API/DeleteOrganization",
					"request": {
						"method": "GET",
						"header": []
					},
					"response": []
				}
			]
		},
		{
			"name": "GetBoard/List",
			"item": [
				{
					"name": "API/GetBoards",
					"protocolProfileBehavior": {
						"disableBodyPruning": true
					},
					"request": {
						"method": "GET",
						"header": [],
						"body": {
							"mode": "raw",
							"raw": ""
						},
						"url": {
							"raw": "https://api.trello.com/1/organizations/{{OrganizationID}}/boards?key={{APIKEY}}&token={{APIToken}}",
							"protocol": "https",
							"host": [
								"api",
								"trello",
								"com"
							],
							"path": [
								"1",
								"organizations",
								"{{OrganizationID}}",
								"boards"
							],
							"query": [
								{
									"key": "key",
									"value": "{{APIKEY}}"
								},
								{
									"key": "token",
									"value": "{{APIToken}}"
								}
							]
						}
					},
					"response": []
				},
				{
					"name": "API/GetLists",
					"request": {
						"method": "GET",
						"header": [],
						"url": {
							"raw": "https://api.trello.com/1/boards/{{BoardsId}}/lists?key={{APIKEY}}&token={{APIToken}}",
							"protocol": "https",
							"host": [
								"api",
								"trello",
								"com"
							],
							"path": [
								"1",
								"boards",
								"{{BoardsId}}",
								"lists"
							],
							"query": [
								{
									"key": "key",
									"value": "{{APIKEY}}"
								},
								{
									"key": "token",
									"value": "{{APIToken}}"
								}
							]
						}
					},
					"response": []
				},
				{
					"name": "API/ArchiveList",
					"request": {
						"method": "GET",
						"header": [],
						"url": {
							"raw": "https://api.trello.com/1/lists/{{ListId}}/closed?key={{APIKEY}}&token={{APIToken}}",
							"protocol": "https",
							"host": [
								"api",
								"trello",
								"com"
							],
							"path": [
								"1",
								"lists",
								"{{ListId}}",
								"closed"
							],
							"query": [
								{
									"key": "key",
									"value": "{{APIKEY}}"
								},
								{
									"key": "token",
									"value": "{{APIToken}}"
								}
							]
						}
					},
					"response": []
				}
			]
		}
	],
	"event": [
		{
			"listen": "prerequest",
			"script": {
				"type": "text/javascript",
				"exec": [
					""
				]
			}
		},
		{
			"listen": "test",
			"script": {
				"type": "text/javascript",
				"exec": [
					""
				]
			}
		}
	],
	"variable": [
		{
			"key": "OrganizationID",
			"value": "",
			"type": "string"
		},
		{
			"key": "BoardsId",
			"value": "",
			"type": "string"
		},
		{
			"key": "ListId",
			"value": ""
		}
	]
}